calibration_id,template_csv,log_map_csv,out_subdir,system_model_csv,owner,notes
rtl_task_001_conv_022_op_00049,PATH_TO_SYSTEM_TEMPLATES/rtl_task_001_conv_022_op_00049_system_template.csv,PATH_TO_LOG_MAPS/rtl_task_001_conv_022_op_00049_log_map.csv,rtl_task_001_conv_022_op_00049,,TBD,Replace placeholders after RTL/testbench run; requires explicit FLOOD_* cycle markers.
rtl_task_002_conv_027_op_00065,PATH_TO_SYSTEM_TEMPLATES/rtl_task_002_conv_027_op_00065_system_template.csv,PATH_TO_LOG_MAPS/rtl_task_002_conv_027_op_00065_log_map.csv,rtl_task_002_conv_027_op_00065,,TBD,Replace placeholders after RTL/testbench run; requires explicit FLOOD_* cycle markers.
rtl_task_003_conv_002_op_00003,PATH_TO_SYSTEM_TEMPLATES/rtl_task_003_conv_002_op_00003_system_template.csv,PATH_TO_LOG_MAPS/rtl_task_003_conv_002_op_00003_log_map.csv,rtl_task_003_conv_002_op_00003,,TBD,Replace placeholders after RTL/testbench run; requires explicit FLOOD_* cycle markers.
rtl_task_004_conv_003_op_00005,PATH_TO_SYSTEM_TEMPLATES/rtl_task_004_conv_003_op_00005_system_template.csv,PATH_TO_LOG_MAPS/rtl_task_004_conv_003_op_00005_log_map.csv,rtl_task_004_conv_003_op_00005,,TBD,Replace placeholders after RTL/testbench run; requires explicit FLOOD_* cycle markers.
rtl_task_005_conv_021_op_00048,PATH_TO_SYSTEM_TEMPLATES/rtl_task_005_conv_021_op_00048_system_template.csv,PATH_TO_LOG_MAPS/rtl_task_005_conv_021_op_00048_log_map.csv,rtl_task_005_conv_021_op_00048,,TBD,Replace placeholders after RTL/testbench run; requires explicit FLOOD_* cycle markers.
rtl_task_006_conv_023_op_00051,PATH_TO_SYSTEM_TEMPLATES/rtl_task_006_conv_023_op_00051_system_template.csv,PATH_TO_LOG_MAPS/rtl_task_006_conv_023_op_00051_log_map.csv,rtl_task_006_conv_023_op_00051,,TBD,Replace placeholders after RTL/testbench run; requires explicit FLOOD_* cycle markers.
rtl_task_007_conv_028_op_00067,PATH_TO_SYSTEM_TEMPLATES/rtl_task_007_conv_028_op_00067_system_template.csv,PATH_TO_LOG_MAPS/rtl_task_007_conv_028_op_00067_log_map.csv,rtl_task_007_conv_028_op_00067,,TBD,Replace placeholders after RTL/testbench run; requires explicit FLOOD_* cycle markers.
rtl_task_008_conv_032_op_00081,PATH_TO_SYSTEM_TEMPLATES/rtl_task_008_conv_032_op_00081_system_template.csv,PATH_TO_LOG_MAPS/rtl_task_008_conv_032_op_00081_log_map.csv,rtl_task_008_conv_032_op_00081,,TBD,Replace placeholders after RTL/testbench run; requires explicit FLOOD_* cycle markers.
rtl_task_009_conv_015_op_00040,PATH_TO_SYSTEM_TEMPLATES/rtl_task_009_conv_015_op_00040_system_template.csv,PATH_TO_LOG_MAPS/rtl_task_009_conv_015_op_00040_log_map.csv,rtl_task_009_conv_015_op_00040,,TBD,Replace placeholders after RTL/testbench run; requires explicit FLOOD_* cycle markers.
rtl_task_010_conv_018_op_00044,PATH_TO_SYSTEM_TEMPLATES/rtl_task_010_conv_018_op_00044_system_template.csv,PATH_TO_LOG_MAPS/rtl_task_010_conv_018_op_00044_log_map.csv,rtl_task_010_conv_018_op_00044,,TBD,Replace placeholders after RTL/testbench run; requires explicit FLOOD_* cycle markers.
rtl_task_011_conv_006_op_00018,PATH_TO_SYSTEM_TEMPLATES/rtl_task_011_conv_006_op_00018_system_template.csv,PATH_TO_LOG_MAPS/rtl_task_011_conv_006_op_00018_log_map.csv,rtl_task_011_conv_006_op_00018,,TBD,Replace placeholders after RTL/testbench run; requires explicit FLOOD_* cycle markers.
rtl_task_012_conv_007_op_00019,PATH_TO_SYSTEM_TEMPLATES/rtl_task_012_conv_007_op_00019_system_template.csv,PATH_TO_LOG_MAPS/rtl_task_012_conv_007_op_00019_log_map.csv,rtl_task_012_conv_007_op_00019,,TBD,Replace placeholders after RTL/testbench run; requires explicit FLOOD_* cycle markers.
rtl_task_013_conv_008_op_00021,PATH_TO_SYSTEM_TEMPLATES/rtl_task_013_conv_008_op_00021_system_template.csv,PATH_TO_LOG_MAPS/rtl_task_013_conv_008_op_00021_log_map.csv,rtl_task_013_conv_008_op_00021,,TBD,Replace placeholders after RTL/testbench run; requires explicit FLOOD_* cycle markers.
rtl_task_014_conv_009_op_00022,PATH_TO_SYSTEM_TEMPLATES/rtl_task_014_conv_009_op_00022_system_template.csv,PATH_TO_LOG_MAPS/rtl_task_014_conv_009_op_00022_log_map.csv,rtl_task_014_conv_009_op_00022,,TBD,Replace placeholders after RTL/testbench run; requires explicit FLOOD_* cycle markers.
rtl_task_015_conv_010_op_00024,PATH_TO_SYSTEM_TEMPLATES/rtl_task_015_conv_010_op_00024_system_template.csv,PATH_TO_LOG_MAPS/rtl_task_015_conv_010_op_00024_log_map.csv,rtl_task_015_conv_010_op_00024,,TBD,Replace placeholders after RTL/testbench run; requires explicit FLOOD_* cycle markers.
rtl_task_016_conv_013_op_00037,PATH_TO_SYSTEM_TEMPLATES/rtl_task_016_conv_013_op_00037_system_template.csv,PATH_TO_LOG_MAPS/rtl_task_016_conv_013_op_00037_log_map.csv,rtl_task_016_conv_013_op_00037,,TBD,Replace placeholders after RTL/testbench run; requires explicit FLOOD_* cycle markers.
rtl_task_017_conv_014_op_00039,PATH_TO_SYSTEM_TEMPLATES/rtl_task_017_conv_014_op_00039_system_template.csv,PATH_TO_LOG_MAPS/rtl_task_017_conv_014_op_00039_log_map.csv,rtl_task_017_conv_014_op_00039,,TBD,Replace placeholders after RTL/testbench run; requires explicit FLOOD_* cycle markers.
rtl_task_018_conv_016_op_00042,PATH_TO_SYSTEM_TEMPLATES/rtl_task_018_conv_016_op_00042_system_template.csv,PATH_TO_LOG_MAPS/rtl_task_018_conv_016_op_00042_log_map.csv,rtl_task_018_conv_016_op_00042,,TBD,Replace placeholders after RTL/testbench run; requires explicit FLOOD_* cycle markers.
rtl_task_019_conv_019_op_00046,PATH_TO_SYSTEM_TEMPLATES/rtl_task_019_conv_019_op_00046_system_template.csv,PATH_TO_LOG_MAPS/rtl_task_019_conv_019_op_00046_log_map.csv,rtl_task_019_conv_019_op_00046,,TBD,Replace placeholders after RTL/testbench run; requires explicit FLOOD_* cycle markers.
rtl_task_020_conv_001_op_00002,PATH_TO_SYSTEM_TEMPLATES/rtl_task_020_conv_001_op_00002_system_template.csv,PATH_TO_LOG_MAPS/rtl_task_020_conv_001_op_00002_log_map.csv,rtl_task_020_conv_001_op_00002,,TBD,Replace placeholders after RTL/testbench run; requires explicit FLOOD_* cycle markers.
